Practical	URL
practical_0	https://cf.10xgenomics.com/samples/xenium/1.4.0/Xenium_V1_FFPE_TgCRND8_17_9_months/Xenium_V1_FFPE_TgCRND8_17_9_months_outs.zip,https://zenodo.org/records/22081261/files/data.zip?download=1
practical_1 https://zenodo.org/records/22954349/files/Practical1_cropped.zarr.zip?download=1
practical_2	https://cf.10xgenomics.com/samples/xenium/1.4.0/Xenium_V1_FFPE_TgCRND8_17_9_months/Xenium_V1_FFPE_TgCRND8_17_9_months_outs.zip
practical_3	https://cf.10xgenomics.com/samples/xenium/1.4.0/Xenium_V1_FFPE_TgCRND8_17_9_months/Xenium_V1_FFPE_TgCRND8_17_9_months_outs.zip
practical_4	https://zenodo.org/records/22081261/files/data.zip?download=1,https://celltypist.cog.sanger.ac.uk/models/Adult_MouseBrain_Yao/v1/Mouse_Whole_Brain.pkl
practical_5	https://zenodo.org/records/22917113/files/Practical5.zip?download=1
practical_6_part1	https://zenodo.org/records/22917113/files/Practical6_1.zip?download=1
practical_6_part2	https://zenodo.org/records/22917113/files/Practical6_2.zip?download=1
practical_8	https://zenodo.org/records/17641420/files/Practical6.zip?download=1
